step,losses/eval.bodypart_heatmap,losses/eval.bodypart_locref,losses/eval.bodypart_total_loss,losses/eval.total_loss,losses/train.bodypart_heatmap,losses/train.bodypart_locref,losses/train.bodypart_total_loss,losses/train.total_loss,metrics/test.mAP,metrics/test.mAP_pcutoff,metrics/test.mAR,metrics/test.mAR_pcutoff,metrics/test.rmse,metrics/test.rmse_pcutoff
1,0.0002228268567705527,0.07578013092279434,0.0020059170201420784,0.0020059170201420784,0.0010179636301472783,0.2239576280117035,0.006107923109084368,0.006107923109084368,100.0,74.5043075736145,100.0,77.64705882352942,3.5092616081237793,3.019819498062134
2,0.00022835911659058183,0.03678099811077118,0.0010337044950574636,0.0010337044950574636,0.0003170975251123309,0.049943119287490845,0.0014071267796680331,0.0014071267796680331,100.0,100.0,100.0,100.0,2.731454849243164,2.731454849243164
3,8.874928607838228e-05,0.03357459604740143,0.0008837394416332245,0.0008837394416332245,0.00022699830878991634,0.03425741568207741,0.0009699345682747662,0.0009699345682747662,100.0,100.0,100.0,100.0,2.4664807319641113,2.4664807319641113
4,5.815319309476763e-05,0.022074628621339798,0.0005809423746541142,0.0005809423746541142,0.0001546652492834255,0.0264274999499321,0.0007380201132036746,0.0007380201132036746,100.0,100.0,100.0,100.0,1.7244774103164673,1.7244772911071777
5,7.018647738732398e-05,0.016747910529375076,0.00045379099901765585,0.00045379099901765585,0.00011990717757726088,0.02091393992304802,0.0005828021094202995,0.0005828021094202995,100.0,100.0,100.0,100.0,1.460457444190979,1.4604573249816895
6,4.5229291572468355e-05,0.025095820426940918,0.0006500101881101727,0.0006500101881101727,0.00014658129657618701,0.018900273367762566,0.0005457975203171372,0.0005457975203171372,100.0,100.0,100.0,100.0,1.9597276449203491,1.9597278833389282
7,4.942938176100142e-05,0.02341294288635254,0.0006100382306613028,0.0006100382306613028,0.00011041062680305913,0.018681369721889496,0.000522239541169256,0.000522239541169256,100.0,100.0,100.0,100.0,1.8213067054748535,1.8213067054748535
8,3.881815791828558e-05,0.017792299389839172,0.00046421654406003654,0.00046421654406003654,8.640623127575964e-05,0.016514552757143974,0.0004560669476632029,0.0004560669476632029,100.0,100.0,100.0,100.0,1.6347565650939941,1.6347565650939941
9,4.8539375711698085e-05,0.018043115735054016,0.000475347536848858,0.000475347536848858,7.734444079687819e-05,0.01596406288444996,0.0004377737350296229,0.0004377737350296229,100.0,100.0,100.0,100.0,1.5255471467971802,1.5255471467971802
10,3.956727960030548e-05,0.01573065295815468,0.00041304994374513626,0.00041304994374513626,7.785587513353676e-05,0.015887945890426636,0.00043612660374492407,0.00043612660374492407,100.0,100.0,100.0,100.0,1.6268815994262695,1.6268815994262695
11,4.1669689380796626e-05,0.026068195700645447,0.000672539696097374,0.000672539696097374,0.0001585639693075791,0.014027217403054237,0.0004299624415580183,0.0004299624415580183,100.0,100.0,100.0,100.0,2.3572096824645996,2.3572096824645996
12,3.242394814151339e-05,0.014771215617656708,0.0003854923998005688,0.0003854923998005688,7.502819789806381e-05,0.013527467846870422,0.00037570082349702716,0.00037570082349702716,100.0,100.0,100.0,100.0,1.595526099205017,1.595526099205017
13,2.9107633963576518e-05,0.012504544109106064,0.0003271674213465303,0.0003271674213465303,6.719239172525704e-05,0.012669119983911514,0.0003503242041915655,0.0003503242041915655,100.0,100.0,100.0,100.0,1.4242191314697266,1.4242191314697266
14,2.4173432393581606e-05,0.010424412786960602,0.00027269707061350346,0.00027269707061350346,6.515745917567983e-05,0.012646609917283058,0.00034874401171691716,0.00034874401171691716,100.0,100.0,100.0,100.0,1.3179473876953125,1.3179473876953125
15,2.563532871135976e-05,0.011531696654856205,0.00030111006344668567,0.00030111006344668567,6.665624096058309e-05,0.012317762710154057,0.0003412721853237599,0.0003412721853237599,100.0,100.0,100.0,100.0,1.3186932802200317,1.3186931610107422
16,2.4471783035551198e-05,0.011545993387699127,0.0003008857020176947,0.0003008857020176947,6.055054109310731e-05,0.012551702558994293,0.0003440678119659424,0.0003440678119659424,100.0,100.0,100.0,100.0,1.4302221536636353,1.4302220344543457
17,2.3168095140135847e-05,0.009685908444225788,0.0002537317341193557,0.0002537317341193557,4.868609175900929e-05,0.01145284902304411,0.0003106642689090222,0.0003106642689090222,100.0,100.0,100.0,100.0,1.192763328552246,1.192763328552246
18,2.402289283054415e-05,0.011867241933941841,0.00030869251349940896,0.00030869251349940896,5.779179628007114e-05,0.01055810134857893,0.00029284844640642405,0.00029284844640642405,100.0,100.0,100.0,100.0,1.3486605882644653,1.3486604690551758
19,2.8041516998200677e-05,0.016010986641049385,0.0004142954421695322,0.0004142954421695322,6.52806629659608e-05,0.01015434693545103,0.00028649900923483074,0.00028649900923483074,100.0,100.0,100.0,100.0,1.7450523376464844,1.745052456855774
20,2.5873805498122238e-05,0.010138776153326035,0.0002664063358679414,0.0002664063358679414,5.692768536391668e-05,0.010878442786633968,0.0003004248719662428,0.0003004248719662428,100.0,100.0,100.0,100.0,1.17366361618042,1.17366361618042
21,2.486959783709608e-05,0.011763076297938824,0.00030651173437945545,0.00030651173437945545,4.8157598939724267e-05,0.009028283879160881,0.0002497858658898622,0.0002497858658898622,100.0,100.0,100.0,100.0,1.227662205696106,1.227662205696106
22,2.3341048290603794e-05,0.012649144977331161,0.000327899178955704,0.000327899178955704,4.824921052204445e-05,0.009169790893793106,0.00025336939143016934,0.00025336939143016934,100.0,100.0,100.0,100.0,1.3315753936767578,1.3315753936767578
23,3.16467194352299e-05,0.012236789800226688,0.0003217431076336652,0.0003217431076336652,5.042483826400712e-05,0.010301558300852776,0.0002827513962984085,0.0002827513962984085,100.0,100.0,100.0,100.0,1.4345613718032837,1.4345614910125732
24,2.736836722760927e-05,0.013662625104188919,0.00035524985287338495,0.00035524985287338495,6.44572646706365e-05,0.010940457694232464,0.0003057400754187256,0.0003057400754187256,100.0,100.0,100.0,100.0,1.4452167749404907,1.4452167749404907
25,1.7071271940949373e-05,0.008396200835704803,0.00021844066213816404,0.00021844066213816404,4.3316977098584175e-05,0.009975316934287548,0.0002710414119064808,0.0002710414119064808,100.0,100.0,100.0,100.0,1.194499135017395,1.194499135017395
26,2.0076893633813597e-05,0.010411059483885765,0.0002703149220906198,0.0002703149220906198,5.982107904856093e-05,0.01001852285116911,0.00028037361335009336,0.00028037361335009336,100.0,100.0,100.0,100.0,1.3134574890136719,1.3134574890136719
27,2.1670872229151428e-05,0.00799783505499363,0.00021078131976537406,0.00021078131976537406,4.2069954361068085e-05,0.008827918209135532,0.00024173292331397533,0.00024173292331397533,100.0,100.0,100.0,100.0,1.136344313621521,1.136344313621521
28,2.1980798919685185e-05,0.012791510671377182,0.000330778188072145,0.000330778188072145,4.5292061258805916e-05,0.009659252129495144,0.0002641273313201964,0.0002641273313201964,100.0,100.0,100.0,100.0,1.4805651903152466,1.480565071105957
29,1.3824597772327252e-05,0.007147652562707663,0.0001856036251410842,0.0001856036251410842,3.9369057049043477e-05,0.008816992864012718,0.000240109337028116,0.000240109337028116,100.0,100.0,100.0,100.0,1.0981693267822266,1.098169207572937
30,1.9471819541649893e-05,0.011697759851813316,0.00030217989115044475,0.00030217989115044475,4.2968727939296514e-05,0.008408544585108757,0.00023169796622823924,0.00023169796622823924,100.0,100.0,100.0,100.0,1.2386064529418945,1.2386064529418945
31,1.558785697852727e-05,0.007693975232541561,0.00020014333131257445,0.00020014333131257445,3.5266817576484755e-05,0.007670496124774218,0.0002093958028126508,0.0002093958028126508,100.0,100.0,100.0,100.0,1.1199820041656494,1.1199820041656494
32,1.6282418073387817e-05,0.009786941111087799,0.0002528147306293249,0.0002528147306293249,3.562564234016463e-05,0.007409071549773216,0.0002030395990004763,0.0002030395990004763,100.0,100.0,100.0,100.0,1.347802996635437,1.347802996635437
33,1.5065565094118938e-05,0.009063870646059513,0.00023412953305523843,0.00023412953305523843,3.698139698826708e-05,0.008484437130391598,0.0002306016394868493,0.0002306016394868493,100.0,100.0,100.0,100.0,1.2646061182022095,1.26460599899292
34,1.9532764781615697e-05,0.010352381505072117,0.00026857596822082996,0.00026857596822082996,3.544923310982995e-05,0.008035831153392792,0.00021862040739506483,0.00021862040739506483,100.0,100.0,100.0,100.0,1.3388595581054688,1.3388595581054688
35,0.0001288555795326829,0.008933253586292267,0.00028775917598977685,0.00028775917598977685,3.831473441096023e-05,0.008500225841999054,0.00023166302707977593,0.00023166302707977593,100.0,100.0,100.0,100.0,1.203343152999878,1.203343152999878
36,1.777508259692695e-05,0.011185127310454845,0.00028851573006249964,0.00028851573006249964,6.137174204923213e-05,0.007086749188601971,0.00020785460947081447,0.00020785460947081447,100.0,100.0,100.0,100.0,1.2932943105697632,1.2932943105697632
37,2.044237953668926e-05,0.010889695025980473,0.00028246358851902187,0.00028246358851902187,3.591935819713399e-05,0.008227343671023846,0.00022364329197444022,0.00022364329197444022,100.0,100.0,100.0,100.0,1.2682363986968994,1.2682363986968994
38,1.2801620869140606e-05,0.007818368263542652,0.00020186004985589534,0.00020186004985589534,3.813992589130066e-05,0.007770095020532608,0.0002133223315468058,0.0002133223315468058,100.0,100.0,100.0,100.0,1.0871385335922241,1.0871385335922241
39,1.4564398952643387e-05,0.008325435221195221,0.00021541806927416474,0.00021541806927416474,2.728358049353119e-05,0.006613957695662975,0.00017899074009619653,0.00017899074009619653,100.0,100.0,100.0,100.0,1.0759756565093994,1.0759756565093994
40,1.4458748410106637e-05,0.007802431937307119,0.00020229016081430018,0.00020229016081430018,3.139275941066444e-05,0.007779878564178944,0.0002101933496305719,0.0002101933496305719,100.0,100.0,100.0,100.0,1.0824077129364014,1.0824077129364014
41,1.4015811757417396e-05,0.008834890089929104,0.00022788014030084014,0.00022788014030084014,3.014679896296002e-05,0.007300992496311665,0.00019759820133913308,0.00019759820133913308,100.0,100.0,100.0,100.0,1.1942063570022583,1.1942063570022583
42,1.4949172509659547e-05,0.011236480437219143,0.0002883865963667631,0.0002883865963667631,3.044233744731173e-05,0.006745470222085714,0.0001838579191826284,0.0001838579191826284,100.0,100.0,100.0,100.0,1.4216642379760742,1.4216642379760742
43,1.3619803212350234e-05,0.00776874041184783,0.00020102840790059417,0.00020102840790059417,3.1848117941990495e-05,0.006839529611170292,0.00018691230798140168,0.00018691230798140168,100.0,100.0,100.0,100.0,1.136110782623291,1.136110782623291
44,2.320658677490428e-05,0.01077099796384573,0.00028087827377021313,0.00028087827377021313,3.960785033996217e-05,0.0071710702031850815,0.00019908067770302296,0.00019908067770302296,100.0,100.0,100.0,100.0,1.413142442703247,1.413142442703247
45,1.1844823347928468e-05,0.008434423245489597,0.00021678299526683986,0.00021678299526683986,2.7720096113625914e-05,0.007045573554933071,0.00018999940948560834,0.00018999940948560834,100.0,100.0,100.0,100.0,1.1943769454956055,1.194377064704895
46,1.296976006415207e-05,0.006460639648139477,0.00016800087178125978,0.00016800087178125978,2.3855254767113365e-05,0.005973985884338617,0.00016127726121339947,0.00016127726121339947,100.0,100.0,100.0,100.0,0.9843789339065552,0.9843789339065552
47,1.6990796211757697e-05,0.007755964063107967,0.0002023944689426571,0.0002023944689426571,3.219846257707104e-05,0.0062676407396793365,0.00017279024177696556,0.00017279024177696556,100.0,100.0,100.0,100.0,1.1491683721542358,1.1491683721542358
48,1.3502379260899033e-05,0.00973301101475954,0.0002500764967408031,0.0002500764967408031,2.8201384338899516e-05,0.006295885890722275,0.0001714978425297886,0.0001714978425297886,100.0,100.0,100.0,100.0,1.1566572189331055,1.1566572189331055
49,1.5705796613474376e-05,0.006958238780498505,0.00018180887855123729,0.00018180887855123729,3.087236837018281e-05,0.006560382898896933,0.00017944576393347234,0.00017944576393347234,100.0,100.0,100.0,100.0,0.9710783958435059,0.9710785150527954
50,2.6410667487652972e-05,0.0070824092254042625,0.00019026556401513517,0.00019026556401513517,2.8999371352256276e-05,0.006748720537871122,0.0001832177076721564,0.0001832177076721564,100.0,100.0,100.0,100.0,1.097472071647644,1.097472071647644
51,1.6725098248571157e-05,0.007237736601382494,0.0001893059816211462,0.0001893059816211462,3.183033186360262e-05,0.00612827530130744,0.00016912205319385976,0.00016912205319385976,100.0,100.0,100.0,100.0,1.0621674060821533,1.0621674060821533
52,1.1973543223575689e-05,0.007550891488790512,0.00019475907902233303,0.00019475907902233303,3.1999763450585306e-05,0.0067896475084125996,0.00018574106798041612,0.00018574106798041612,100.0,100.0,100.0,100.0,1.1087872982025146,1.1087872982025146
53,1.1004171028616838e-05,0.00725890975445509,0.00018697482300922275,0.00018697482300922275,2.289191252202727e-05,0.006048466078937054,0.0001626576267881319,0.0001626576267881319,100.0,100.0,100.0,100.0,1.1204795837402344,1.120479702949524
54,1.0761455087049399e-05,0.006406403612345457,0.00016554082685615867,0.00016554082685615867,2.526903699617833e-05,0.005794885102659464,0.00015750665625091642,0.00015750665625091642,100.0,100.0,100.0,100.0,0.9593420028686523,0.9593418836593628
55,1.2606088603206445e-05,0.006291625089943409,0.00016359369328711182,0.00016359369328711182,3.708748408826068e-05,0.0055570947006344795,0.00015747112047392875,0.00015747112047392875,100.0,100.0,100.0,100.0,0.9988566637039185,0.9988566637039185
56,1.3044203114986885e-05,0.00793071836233139,0.00020479003433138132,0.00020479003433138132,2.6291927497368306e-05,0.006459999363869429,0.00017464594566263258,0.00017464594566263258,100.0,100.0,100.0,100.0,1.044953465461731,1.0449533462524414
57,1.1866430213558488e-05,0.006861825939267874,0.00017747886886354536,0.00017747886886354536,2.4323911929968745e-05,0.006108387373387814,0.000164871642482467,0.000164871642482467,100.0,100.0,100.0,100.0,0.976822555065155,0.976822555065155
58,8.984790838439949e-06,0.0054384684190154076,0.00014045411080587655,0.00014045411080587655,2.469362152623944e-05,0.005590038374066353,0.00015209776756819338,0.00015209776756819338,100.0,100.0,100.0,100.0,0.841812014579773,0.841812014579773
59,1.401464942318853e-05,0.008410677313804626,0.00021727423882111907,0.00021727423882111907,2.5921772248693742e-05,0.005571288522332907,0.00015224309754557908,0.00015224309754557908,100.0,100.0,100.0,100.0,1.0900987386703491,1.0900987386703491
60,1.0581245987850707e-05,0.007689993362873793,0.00019754045933950692,0.00019754045933950692,2.3338412574958056e-05,0.006048636510968208,0.0001628851459827274,0.0001628851459827274,100.0,100.0,100.0,100.0,1.0765974521636963,1.0765975713729858
61,1.0844229109352455e-05,0.007106930483132601,0.0001830953697208315,0.0001830953697208315,2.4293722162838094e-05,0.005754041951149702,0.00015599792823195457,0.00015599792823195457,100.0,100.0,100.0,100.0,0.9886391758918762,0.9886391758918762
62,1.1651774002530146e-05,0.006373854819685221,0.0001651722559472546,0.0001651722559472546,2.171245068893768e-05,0.0054229553788900375,0.0001464301167288795,0.0001464301167288795,100.0,100.0,100.0,100.0,1.0680586099624634,1.0680586099624634
63,1.1050984539906494e-05,0.008093520067632198,0.00020786347158718854,0.00020786347158718854,2.2592810637434013e-05,0.005624827928841114,0.0001519171055406332,0.0001519171055406332,100.0,100.0,100.0,100.0,1.1527873277664185,1.1527873277664185
64,9.638853043725248e-06,0.006152044516056776,0.00015862053260207176,0.00015862053260207176,2.134658643626608e-05,0.00544807268306613,0.0001468751288484782,0.0001468751288484782,100.0,100.0,100.0,100.0,1.0117230415344238,1.0117231607437134
65,9.913491339830216e-06,0.006451702676713467,0.00016624931595288217,0.00016624931595288217,2.3999353288672864e-05,0.005283167585730553,0.00014407886192202568,0.00014407886192202568,100.0,100.0,100.0,100.0,0.9849787950515747,0.9849787950515747
66,9.593879440217279e-06,0.00660829059779644,0.00017000420484691858,0.00017000420484691858,2.4568340450059623e-05,0.005192198324948549,0.0001420891348971054,0.0001420891348971054,100.0,100.0,100.0,100.0,0.912144660949707,0.9121446013450623
67,9.388127182319295e-06,0.0074286749586462975,0.00019041092309635133,0.00019041092309635133,2.1435516828205436e-05,0.005489386152476072,0.00014795242168474942,0.00014795242168474942,100.0,100.0,100.0,100.0,1.0814547538757324,1.0814547538757324
68,1.2487895219237544e-05,0.007410912774503231,0.00019151678134221584,0.00019151678134221584,2.460361793055199e-05,0.00530088460072875,0.00014482391998171806,0.00014482391998171806,100.0,100.0,100.0,100.0,0.9692960381507874,0.9692960381507874
69,8.442167199973483e-06,0.005162031855434179,0.00013327189662959427,0.00013327189662959427,2.5272405764553696e-05,0.004899175371974707,0.0001351155951851979,0.0001351155951851979,100.0,100.0,100.0,100.0,0.9178882241249084,0.9178881049156189
70,1.0111119991051964e-05,0.0066717579029500484,0.0001718494895612821,0.0001718494895612821,1.894488923426252e-05,0.004816113971173763,0.00012987529044039547,0.00012987529044039547,100.0,100.0,100.0,100.0,0.945720374584198,0.945720374584198
71,9.482042514719069e-06,0.005151487421244383,0.0001335281995125115,0.0001335281995125115,2.148976818716619e-05,0.004794709850102663,0.00013061263598501682,0.00013061263598501682,100.0,100.0,100.0,100.0,0.9052119851112366,0.9052120447158813
72,1.0248092621623073e-05,0.005473259836435318,0.00014195556286722422,0.00014195556286722422,1.901465657283552e-05,0.004908401519060135,0.00013221737754065543,0.00013221737754065543,100.0,100.0,100.0,100.0,0.8392029404640198,0.8392030000686646
73,1.3534022400563117e-05,0.006413681898266077,0.0001671090576564893,0.0001671090576564893,2.1837598978891037e-05,0.0052923462353646755,0.0001432274584658444,0.0001432274584658444,100.0,100.0,100.0,100.0,1.0017313957214355,1.0017313957214355
74,1.0928641131613404e-05,0.006863947492092848,0.0001770630042301491,0.0001770630042301491,1.946794509422034e-05,0.004608899354934692,0.0001249564520549029,0.0001249564520549029,100.0,100.0,100.0,100.0,1.029881477355957,1.029881477355957
75,1.0631543773342855e-05,0.00865904800593853,0.00022179198276717216,0.00022179198276717216,1.9525832612998784e-05,0.004711191635578871,0.00012754270574077964,0.00012754270574077964,100.0,100.0,100.0,100.0,1.0354090929031372,1.0354090929031372
76,9.952565051207785e-06,0.005194046534597874,0.000134827452711761,0.000134827452711761,1.8449538401910104e-05,0.004905027337372303,0.00013185045099817216,0.00013185045099817216,100.0,100.0,100.0,100.0,0.8888921737670898,0.8888921737670898
77,1.3011201190238353e-05,0.004836403299123049,0.00012741568207275122,0.00012741568207275122,2.016158396145329e-05,0.004531505983322859,0.00012336844520177692,0.00012336844520177692,100.0,100.0,100.0,100.0,0.820347249507904,0.8203473091125488
78,1.0367208233219571e-05,0.006198108196258545,0.00016013631829991937,0.00016013631829991937,2.2244419596972875e-05,0.0053283595480024815,0.00014433119213208556,0.00014433119213208556,100.0,100.0,100.0,100.0,0.8881531953811646,0.8881531953811646
79,7.540520073234802e-06,0.003926342818886042,0.0001019288320094347,0.0001019288320094347,2.280962507938966e-05,0.004604874178767204,0.0001265266619157046,0.0001265266619157046,100.0,100.0,100.0,100.0,0.7555461525917053,0.7555461525917053
80,8.618585525255185e-06,0.005434230901300907,0.00014016505156178027,0.00014016505156178027,1.764109401847236e-05,0.004086286295205355,0.00011097769311163574,0.00011097769311163574,100.0,100.0,100.0,100.0,0.9161291718482971,0.9161291718482971
81,1.3731456419918686e-05,0.00719781219959259,0.0001868110557552427,0.0001868110557552427,1.9400606106501073e-05,0.005059948656708002,0.00013619901437778026,0.00013619901437778026,100.0,100.0,100.0,100.0,1.0994776487350464,1.099477767944336
82,7.994146471901331e-06,0.005070194136351347,0.00013075194146949798,0.00013075194146949798,2.0801599021069705e-05,0.005157278850674629,0.0001393327838741243,0.0001393327838741243,100.0,100.0,100.0,100.0,0.8547055721282959,0.8547055721282959
83,8.20285094960127e-06,0.006417945027351379,0.0001645500451559201,0.0001645500451559201,1.7860933439806104e-05,0.003939515445381403,0.00010741835285443813,0.00010741835285443813,100.0,100.0,100.0,100.0,0.8433634638786316,0.8433634638786316
84,1.1609962712100241e-05,0.0053632366470992565,0.00013988588762003928,0.00013988588762003928,1.9577752027544193e-05,0.005015677772462368,0.00013518083142116666,0.00013518083142116666,100.0,100.0,100.0,100.0,0.9590994715690613,0.9590994715690613
85,1.4546878446708433e-05,0.005465995986014605,0.0001439233310520649,0.0001439233310520649,1.748637259879615e-05,0.004296416882425547,0.00011615362018346786,0.00011615362018346786,100.0,100.0,100.0,100.0,0.9351605176925659,0.9351606369018555
86,8.406987944908906e-06,0.004333988763391972,0.00011255319986958057,0.00011255319986958057,2.143079473171383e-05,0.00446593202650547,0.00012236367911100388,0.00012236367911100388,100.0,100.0,100.0,100.0,0.7696451544761658,0.7696451544761658
87,9.003154445963446e-06,0.005942062474787235,0.00015305314445868134,0.00015305314445868134,1.6126949049066752e-05,0.004175185691565275,0.00011244311463087797,0.00011244311463087797,100.0,100.0,100.0,100.0,0.9247334003448486,0.9247334003448486
88,1.284349309571553e-05,0.00645736139267683,0.00016785578918643296,0.00016785578918643296,2.1813948478666134e-05,0.004410425201058388,0.00012116759899072349,0.00012116759899072349,100.0,100.0,100.0,100.0,0.983592689037323,0.983592689037323
89,6.888869847898604e-06,0.00417011184617877,0.00010769721848191693,0.00010769721848191693,2.2113519662525505e-05,0.004546676762402058,0.00012472367961890996,0.00012472367961890996,100.0,100.0,100.0,100.0,0.7557808756828308,0.7557808756828308
90,9.832375326368492e-06,0.007911574095487595,0.00020270553068257868,0.00020270553068257868,1.9250666809966788e-05,0.004509642720222473,0.0001223664148710668,0.0001223664148710668,100.0,100.0,100.0,100.0,1.0778976678848267,1.077897548675537
91,8.029256605368573e-06,0.004609267693012953,0.00011924632417503744,0.00011924632417503744,1.7204012692673132e-05,0.00459290249273181,0.00012342457193881273,0.00012342457193881273,100.0,100.0,100.0,100.0,0.8021568059921265,0.8021568059921265
92,8.594157407060266e-06,0.007196254096925259,0.0001842034253058955,0.0001842034253058955,1.477387013437692e-05,0.004127564374357462,0.0001105760529753752,0.0001105760529753752,100.0,100.0,100.0,100.0,0.9857119917869568,0.9857121109962463
93,8.162526683008764e-06,0.003451642347499728,9.037231939146295e-05,9.037231939146295e-05,1.6897809473448433e-05,0.003933977335691452,0.0001067983394023031,0.0001067983394023031,100.0,100.0,100.0,100.0,0.6847365498542786,0.6847366094589233
94,7.400347385555506e-06,0.00473463861271739,0.00012206613610032946,0.00012206613610032946,1.5422188880620524e-05,0.0037681416142731905,0.00010191464389208704,0.00010191464389208704,100.0,100.0,100.0,100.0,0.858692467212677,0.858692467212677
95,8.719897778064478e-06,0.005143471993505955,0.00013294674863573164,0.00013294674863573164,1.7882957763504237e-05,0.004312868695706129,0.00011676319263642654,0.00011676319263642654,100.0,100.0,100.0,100.0,0.8286072015762329,0.8286072015762329
96,8.551382052246481e-06,0.004510361701250076,0.00011703473137458786,0.00011703473137458786,1.7709267922327854e-05,0.004227509256452322,0.00011454236664576456,0.00011454236664576456,100.0,100.0,100.0,100.0,0.7832457423210144,0.7832458019256592
97,7.780891792208422e-06,0.005595705937594175,0.00014378309424500912,0.00014378309424500912,2.0516277800197713e-05,0.00381618645042181,0.00010566280252533033,0.00010566280252533033,100.0,100.0,100.0,100.0,0.8530102372169495,0.8530102372169495
98,7.410481430270011e-06,0.0044961050152778625,0.00011610786168603227,0.00011610786168603227,1.4099069630901795e-05,0.003948133438825607,0.00010575284977676347,0.00010575284977676347,100.0,100.0,100.0,100.0,0.7694924473762512,0.7694924473762512
99,7.6088172136223875e-06,0.003863329766318202,0.00010038766049547121,0.00010038766049547121,1.6022930140024982e-05,0.0037220728117972612,0.00010106329136760905,0.00010106329136760905,100.0,100.0,100.0,100.0,0.7778171300888062,0.7778171896934509
100,7.2168368205893785e-06,0.004571679513901472,0.00011790041025960818,0.00011790041025960818,1.4863299838907551e-05,0.003942905925214291,0.00010600429231999442,0.00010600429231999442,100.0,100.0,100.0,100.0,0.8166083097457886,0.8166083097457886
101,9.909794243867509e-06,0.004792775493115187,0.000124774276628159,0.000124774276628159,1.5976418580976315e-05,0.003641772083938122,9.903252066578716e-05,9.903252066578716e-05,100.0,100.0,100.0,100.0,0.7484955787658691,0.7484955787658691
102,6.6640063778322656e-06,0.00452030822634697,0.00011633971007540822,0.00011633971007540822,1.5677309420425445e-05,0.0034276137594133615,9.352900087833405e-05,9.352900087833405e-05,100.0,100.0,100.0,100.0,0.7547644376754761,0.7547644376754761
103,5.747280283685541e-06,0.004263072274625301,0.00010945045505650342,0.00010945045505650342,1.5301604435080662e-05,0.0039159683510661125,0.00010555001790635288,0.00010555001790635288,100.0,100.0,100.0,100.0,0.757586658000946,0.757586658000946
104,5.4600036492047366e-06,0.0032874473836272955,8.491618791595101e-05,8.491618791595101e-05,1.2555964531202335e-05,0.003576871706172824,9.569978283252567e-05,9.569978283252567e-05,100.0,100.0,100.0,100.0,0.6392573714256287,0.6392573714256287
105,7.0562837208854035e-06,0.004545728676021099,0.00011717136658262461,0.00011717136658262461,1.5610527043463662e-05,0.0038118232041597366,0.00010310085053788498,0.00010310085053788498,100.0,100.0,100.0,100.0,0.8219444751739502,0.821944534778595
106,6.89560329192318e-06,0.0039981757290661335,0.000103402191598434,0.000103402191598434,1.5325116692110896e-05,0.003773735836148262,0.00010200594988418743,0.00010200594988418743,100.0,100.0,100.0,100.0,0.7493318319320679,0.7493318915367126
107,6.308272531896364e-06,0.004413689021021128,0.00011349636042723432,0.00011349636042723432,1.4103734429227188e-05,0.0035762048792093992,9.645699901739135e-05,9.645699901739135e-05,100.0,100.0,100.0,100.0,0.7226570844650269,0.7226570844650269
108,2.0902058167848736e-05,0.004167808219790459,0.00011464623821666464,0.00011464623821666464,1.716754377412144e-05,0.003537191776558757,9.701355884317309e-05,9.701355884317309e-05,100.0,100.0,100.0,100.0,0.6901896595954895,0.6901896595954895
109,7.533236384915654e-06,0.0052748387679457664,0.00013563758693635464,0.00013563758693635464,1.851951856224332e-05,0.003810977330431342,0.00010453419236000627,0.00010453419236000627,100.0,100.0,100.0,100.0,0.8948678970336914,0.8948678970336914
110,6.4700093389546964e-06,0.004371367394924164,0.00011251919204369187,0.00011251919204369187,1.3316215699887834e-05,0.0034655381459742785,9.329656313639134e-05,9.329656313639134e-05,100.0,100.0,100.0,100.0,0.7620373368263245,0.7620373368263245
111,6.434243005060125e-06,0.005127985030412674,0.00013141674571670592,0.00013141674571670592,1.582732511451468e-05,0.0033315469045192003,9.120233153225854e-05,9.120233153225854e-05,100.0,100.0,100.0,100.0,0.8525552153587341,0.8525551557540894
112,6.399514404620277e-06,0.003857601201161742,9.963978664018214e-05,9.963978664018214e-05,1.4205067600414623e-05,0.0031880876049399376,8.680472819833085e-05,8.680472819833085e-05,100.0,100.0,100.0,100.0,0.7419775128364563,0.7419775128364563
113,5.243794930720469e-06,0.00343422987498343,8.847764547681436e-05,8.847764547681436e-05,1.448976036044769e-05,0.003688837867230177,9.946582576958463e-05,9.946582576958463e-05,100.0,100.0,100.0,100.0,0.6848502159118652,0.6848502159118652
114,7.276483302121051e-06,0.004062581807374954,0.00010520279465708882,0.00010520279465708882,1.3136223060428165e-05,0.003430211916565895,9.232340380549431e-05,9.232340380549431e-05,100.0,100.0,100.0,100.0,0.7649090886116028,0.764909029006958
115,6.175444468681235e-06,0.004823586437851191,0.00012367738236207515,0.00012367738236207515,1.3048049368080683e-05,0.0029961937107145786,8.14288723631762e-05,8.14288723631762e-05,100.0,100.0,100.0,100.0,0.6811036467552185,0.6811035871505737
116,7.350341093115276e-06,0.004873416852205992,0.00012551058898679912,0.00012551058898679912,1.2279623661015648e-05,0.0029212578665465117,7.91712591308169e-05,7.91712591308169e-05,100.0,100.0,100.0,100.0,0.7203220725059509,0.7203220725059509
117,7.5494422162591945e-06,0.004862308036535978,0.00012533242988865823,0.00012533242988865823,1.5185196389211342e-05,0.0032801772467792034,8.959702972788364e-05,8.959702972788364e-05,100.0,100.0,100.0,100.0,0.7676954865455627,0.767695426940918
118,7.4297672654211055e-06,0.005580144003033638,0.0001432184799341485,0.0001432184799341485,1.2667361261264887e-05,0.003256367053836584,8.774285379331559e-05,8.774285379331559e-05,100.0,100.0,100.0,100.0,0.8776184916496277,0.8776184916496277
119,6.368443337123608e-06,0.0034735118970274925,9.00220256880857e-05,9.00220256880857e-05,1.4589107195206452e-05,0.00339845335111022,9.225588291883469e-05,9.225588291883469e-05,100.0,100.0,100.0,100.0,0.661130428314209,0.661130428314209
120,5.660914212057833e-06,0.0032543158158659935,8.41883520479314e-05,8.41883520479314e-05,1.1983195690845605e-05,0.0028451404068619013,7.712010119576007e-05,7.712010119576007e-05,100.0,100.0,100.0,100.0,0.6889208555221558,0.6889208555221558
121,6.001551355439005e-06,0.0027873627841472626,7.268483750522137e-05,7.268483750522137e-05,1.262619025510503e-05,0.0027828821912407875,7.588515290990472e-05,7.588515290990472e-05,100.0,100.0,100.0,100.0,0.6288585066795349,0.6288585066795349
122,7.331151209655218e-06,0.005146970506757498,0.0001323398610111326,0.0001323398610111326,1.2355400031083263e-05,0.0028986663091927767,7.864435610827059e-05,7.864435610827059e-05,100.0,100.0,100.0,100.0,0.8211548328399658,0.8211548924446106
123,5.573147063842043e-06,0.003681052243337035,9.481287997914478e-05,9.481287997914478e-05,1.0785599442897364e-05,0.00293123722076416,7.867373642511666e-05,7.867373642511666e-05,100.0,100.0,100.0,100.0,0.6956459879875183,0.6956459879875183
124,4.844549039262347e-06,0.0030136529821902514,7.776360143907368e-05,7.776360143907368e-05,1.8010856365435757e-05,0.003433138132095337,9.483388566877693e-05,9.483388566877693e-05,100.0,100.0,100.0,100.0,0.7088631987571716,0.7088631391525269
125,6.9578691181959584e-06,0.003986857365816832,0.0001031503634294495,0.0001031503634294495,1.5527304640272632e-05,0.0032026218250393867,8.782919030636549e-05,8.782919030636549e-05,100.0,100.0,100.0,100.0,0.7541558146476746,0.7541558146476746
126,5.134584625920979e-06,0.0033086389303207397,8.528326725354418e-05,8.528326725354418e-05,1.2240723663126118e-05,0.002845942974090576,7.726893818471581e-05,7.726893818471581e-05,100.0,100.0,100.0,100.0,0.7178608775138855,0.7178609371185303
127,5.3694279813498724e-06,0.003727936651557684,9.588312241248786e-05,9.588312241248786e-05,1.1642068784567527e-05,0.0028932916466146708,7.81533308327198e-05,7.81533308327198e-05,100.0,100.0,100.0,100.0,0.6689271926879883,0.6689271926879883
128,5.87982640354312e-06,0.003619576571509242,9.342933481093496e-05,9.342933481093496e-05,1.2263985809113365e-05,0.0029521381948143244,7.993544568307698e-05,7.993544568307698e-05,100.0,100.0,100.0,100.0,0.6896618604660034,0.6896618604660034
129,7.139168701542076e-06,0.0053177326917648315,0.00013651291374117136,0.00013651291374117136,1.2399475963320583e-05,0.0029036798514425755,7.879173790570349e-05,7.879173790570349e-05,100.0,100.0,100.0,100.0,0.827745795249939,0.827745795249939
130,5.269914254313335e-06,0.004231650847941637,0.00010842624033102766,0.00010842624033102766,1.0410660252091475e-05,0.0026678508147597313,7.190160249592736e-05,7.190160249592736e-05,100.0,100.0,100.0,100.0,0.7662524580955505,0.7662524580955505
131,5.557420536206337e-06,0.0034561643842607737,8.91828240128234e-05,8.91828240128234e-05,1.3895550182496663e-05,0.0030556535348296165,8.333912410307676e-05,8.333912410307676e-05,100.0,100.0,100.0,100.0,0.678604006767273,0.678604006767273
132,4.837814230995718e-06,0.003295870264992118,8.481565600959584e-05,8.481565600959584e-05,1.102399892261019e-05,0.0028382304590195417,7.646776066394523e-05,7.646776066394523e-05,100.0,100.0,100.0,100.0,0.6617797613143921,0.6617798209190369
133,4.838674612983596e-06,0.0027040669228881598,7.002100755926222e-05,7.002100755926222e-05,1.2194676855870057e-05,0.002819720422849059,7.65903532737866e-05,7.65903532737866e-05,100.0,100.0,100.0,100.0,0.5638406872749329,0.5638406872749329
134,5.050482741353335e-06,0.0029440217185765505,7.612578338012099e-05,7.612578338012099e-05,1.091346985049313e-05,0.0024438025429844856,6.655179458903149e-05,6.655179458903149e-05,100.0,100.0,100.0,100.0,0.6188840866088867,0.6188840866088867
135,6.768724233552348e-06,0.003359578549861908,8.737383177503943e-05,8.737383177503943e-05,1.1650960914266761e-05,0.002903711749240756,7.841827755328268e-05,7.841827755328268e-05,100.0,100.0,100.0,100.0,0.6471402645111084,0.647140383720398
136,5.923232492932584e-06,0.0033370633609592915,8.638820145279169e-05,8.638820145279169e-05,1.1037981494155247e-05,0.0027115766424685717,7.330840890062973e-05,7.330840890062973e-05,100.0,100.0,100.0,100.0,0.6089528799057007,0.6089528799057007
137,5.184664132684702e-06,0.003083283081650734,7.967441342771053e-05,7.967441342771053e-05,1.2902742128062528e-05,0.0026846975088119507,7.356880814768374e-05,7.356880814768374e-05,100.0,100.0,100.0,100.0,0.6839622259140015,0.6839622259140015
138,5.1902975428674836e-06,0.002905332949012518,7.522847590735182e-05,7.522847590735182e-05,1.0127502719115e-05,0.00234337174333632,6.364804721670225e-05,6.364804721670225e-05,100.0,100.0,100.0,100.0,0.6073094606399536,0.6073094010353088
139,5.002081707061734e-06,0.0033900318667292595,8.725183579372242e-05,8.725183579372242e-05,1.182468986371532e-05,0.0029001927468925714,7.84171570558101e-05,7.84171570558101e-05,100.0,100.0,100.0,100.0,0.6945664286613464,0.6945663690567017
140,6.60815931041725e-06,0.004751335829496384,0.00012208745465613902,0.00012208745465613902,1.3788284377369564e-05,0.0034497708547860384,9.313842019764706e-05,9.313842019764706e-05,100.0,100.0,100.0,100.0,0.7529083490371704,0.7529084086418152
141,5.3660269259125926e-06,0.0036185956560075283,9.314791532233357e-05,9.314791532233357e-05,1.334530497842934e-05,0.002802142407745123,7.672620995435864e-05,7.672620995435864e-05,100.0,100.0,100.0,100.0,0.724836528301239,0.724836528301239
142,5.8322784752817824e-06,0.0033381152898073196,8.63690220285207e-05,8.63690220285207e-05,1.0950131581921596e-05,0.0027355412021279335,7.386360084638e-05,7.386360084638e-05,100.0,100.0,100.0,100.0,0.6428448557853699,0.6428448557853699
143,5.4214406191022135e-06,0.0037594009190797806,9.669574501458555e-05,9.669574501458555e-05,1.275565864489181e-05,0.002491521183401346,6.866586045362055e-05,6.866586045362055e-05,100.0,100.0,100.0,100.0,0.6352807283401489,0.6352807879447937
144,5.7856923376675695e-06,0.005094841122627258,0.00013026388478465378,0.00013026388478465378,1.202031307911966e-05,0.0025456082075834274,6.96503630024381e-05,6.96503630024381e-05,100.0,100.0,100.0,100.0,0.7457209825515747,0.7457209825515747
145,5.455567588796839e-06,0.0028839597944170237,7.482677756343037e-05,7.482677756343037e-05,1.0788729923660867e-05,0.0024598329328000546,6.689018482575193e-05,6.689018482575193e-05,100.0,100.0,100.0,100.0,0.5987610816955566,0.5987611413002014
146,4.958939825883135e-06,0.003511408343911171,9.026467159856111e-05,9.026467159856111e-05,9.982016308640596e-06,0.002281546127051115,6.202966324053705e-05,6.202966324053705e-05,100.0,100.0,100.0,100.0,0.6358062624931335,0.6358063220977783
147,6.130628662504023e-06,0.004380233585834503,0.00011257115693297237,0.00011257115693297237,1.1139811249449849e-05,0.0026469863951206207,7.174456550274044e-05,7.174456550274044e-05,100.0,100.0,100.0,100.0,0.7670841217041016,0.7670841217041016
148,5.4274205467663705e-06,0.0026908903382718563,6.998596654739231e-05,6.998596654739231e-05,1.1589962923608255e-05,0.002631437499076128,7.158092194003984e-05,7.158092194003984e-05,100.0,100.0,100.0,100.0,0.591923177242279,0.591923177242279
149,5.2274308472988196e-06,0.0036855400539934635,9.475223487243056e-05,9.475223487243056e-05,1.0969091817969456e-05,0.0027816747315227985,7.502641528844833e-05,7.502641528844833e-05,100.0,100.0,100.0,100.0,0.6824020147323608,0.6824020147323608
150,4.69719952889136e-06,0.0035408735275268555,9.087043872568756e-05,9.087043872568756e-05,1.0785415724967606e-05,0.0025270776823163033,6.856965774204582e-05,6.856965774204582e-05,100.0,100.0,100.0,100.0,0.6053777933120728,0.6053778529167175
151,8.002243703231215e-06,0.006745253689587116,0.0001726324699120596,0.0001726324699120596,1.0634451427904423e-05,0.0023377423640340567,6.376078090397641e-05,6.376078090397641e-05,100.0,100.0,100.0,100.0,0.8475420475006104,0.8475420475006104
152,5.07088680024026e-06,0.0034628305584192276,8.910620817914605e-05,8.910620817914605e-05,1.2345451978035271e-05,0.002596529433503747,7.10859676473774e-05,7.10859676473774e-05,100.0,100.0,100.0,100.0,0.6131733059883118,0.6131733059883118
153,4.5448168748407625e-06,0.002709578024223447,7.001186168054119e-05,7.001186168054119e-05,1.0809054401761387e-05,0.002409661654382944,6.56460688333027e-05,6.56460688333027e-05,100.0,100.0,100.0,100.0,0.6483017802238464,0.6483017802238464
154,4.43229100710596e-06,0.0028571472503244877,7.364483462879434e-05,7.364483462879434e-05,1.0031088095274754e-05,0.0022820562589913607,6.206694524735212e-05,6.206694524735212e-05,100.0,100.0,100.0,100.0,0.6103840470314026,0.6103840470314026
155,5.1156985136913136e-06,0.0034820721484720707,8.960965351434425e-05,8.960965351434425e-05,8.959472324931994e-06,0.0025028660893440247,6.705138366669416e-05,6.705138366669416e-05,100.0,100.0,100.0,100.0,0.6994293332099915,0.6994293332099915
156,5.469222742249258e-06,0.00329563464038074,8.5125480836723e-05,8.5125480836723e-05,1.039681228576228e-05,0.0022231240291148424,6.0776503232773393e-05,6.0776503232773393e-05,100.0,100.0,100.0,100.0,0.6681839227676392,0.6681839227676392
157,5.663148840540089e-06,0.003842765698209405,9.890070941764861e-05,9.890070941764861e-05,1.3632563423016109e-05,0.0029655401594936848,8.095478551695123e-05,8.095478551695123e-05,100.0,100.0,100.0,100.0,0.6942344307899475,0.6942343711853027
158,5.247517492534826e-06,0.002011281903833151,5.290579792927019e-05,5.290579792927019e-05,9.70240307651693e-06,0.0023295267019420862,6.308936281129718e-05,6.308936281129718e-05,100.0,100.0,100.0,100.0,0.4938448667526245,0.4938448369503021
159,4.045967671117978e-06,0.0023649714421480894,6.114726420491934e-05,6.114726420491934e-05,1.0432448107167147e-05,0.002395727438852191,6.510941602755338e-05,6.510941602755338e-05,100.0,100.0,100.0,100.0,0.5131496787071228,0.5131496787071228
160,5.513201358553488e-06,0.003637701738625765,9.369914187118411e-05,9.369914187118411e-05,1.0379317245678976e-05,0.0025251468177884817,6.831832433817908e-05,6.831832433817908e-05,100.0,100.0,100.0,100.0,0.6704692244529724,0.6704692244529724
161,2.9655279831786174e-06,0.001979399472475052,5.096775566926226e-05,5.096775566926226e-05,6.392268005583901e-06,0.00164191541261971,4.4244021410122514e-05,4.4244021410122514e-05,100.0,100.0,100.0,100.0,0.43817639350891113,0.43817636370658875
162,2.944271045635105e-06,0.0019009595271199942,4.899612395092845e-05,4.899612395092845e-05,5.388257704908028e-06,0.0013386966893449426,3.61615457222797e-05,3.61615457222797e-05,100.0,100.0,100.0,100.0,0.44969531893730164,0.44969531893730164
163,2.9004045245528687e-06,0.0017262980109080672,4.460764830582775e-05,4.460764830582775e-05,5.019840500608552e-06,0.0011534441728144884,3.134602229692973e-05,3.134602229692973e-05,100.0,100.0,100.0,100.0,0.42632290720939636,0.42632290720939636
164,2.7728067379939603e-06,0.0017262991750612855,4.4543885451275855e-05,4.4543885451275855e-05,4.7798607738513965e-06,0.001135844155214727,3.078603549511172e-05,3.078603549511172e-05,100.0,100.0,100.0,100.0,0.4340742528438568,0.4340742230415344
165,2.5354529498144984e-06,0.001653802813962102,4.2612795368768275e-05,4.2612795368768275e-05,4.738784809887875e-06,0.0011093014618381858,3.010192813235335e-05,3.010192813235335e-05,100.0,100.0,100.0,100.0,0.41683101654052734,0.41683104634284973
166,2.759505832727882e-06,0.0016621770337224007,4.293417441658676e-05,4.293417441658676e-05,4.4868038457934745e-06,0.0011108709732070565,3.0015178708708845e-05,3.0015178708708845e-05,100.0,100.0,100.0,100.0,0.4361933469772339,0.4361933469772339
167,2.6203922516288003e-06,0.0015186528908088803,3.927652142010629e-05,3.927652142010629e-05,4.641449777409434e-06,0.0010555271292105317,2.870890239137225e-05,2.870890239137225e-05,100.0,100.0,100.0,100.0,0.4223059415817261,0.4223059415817261
168,2.5766933049453655e-06,0.0016061968635767698,4.144326157984324e-05,4.144326157984324e-05,4.412971065903548e-06,0.001059820642694831,2.8702001145575196e-05,2.8702001145575196e-05,100.0,100.0,100.0,100.0,0.3927529454231262,0.3927529752254486
169,2.554917045927141e-06,0.0016491449205204844,4.2506082536419854e-05,4.2506082536419854e-05,4.5029210014035925e-06,0.0011091995984315872,2.9981451007188298e-05,2.9981451007188298e-05,100.0,100.0,100.0,100.0,0.4001220762729645,0.4001220464706421
170,2.501542439858895e-06,0.0015501630259677768,4.000484477728605e-05,4.000484477728605e-05,4.402652848511934e-06,0.0009950789390131831,2.707830208237283e-05,2.707830208237283e-05,100.0,100.0,100.0,100.0,0.41356658935546875,0.41356658935546875
171,2.557432253524894e-06,0.001768360030837357,4.5487715397030115e-05,4.5487715397030115e-05,4.284287115297047e-06,0.0009434032835997641,2.5727225875016302e-05,2.5727225875016302e-05,100.0,100.0,100.0,100.0,0.4199959933757782,0.4199959933757782
172,2.5128085781034315e-06,0.001617750502191484,4.170016836724244e-05,4.170016836724244e-05,4.027209797641262e-06,0.0009158563334494829,2.4910012143664062e-05,2.4910012143664062e-05,100.0,100.0,100.0,100.0,0.41451773047447205,0.41451776027679443
173,2.5591664325474994e-06,0.001682251924648881,4.3335876398487017e-05,4.3335876398487017e-05,4.793001153302612e-06,0.0009886870393529534,2.711367778829299e-05,2.711367778829299e-05,100.0,100.0,100.0,100.0,0.42549753189086914,0.42549756169319153
174,2.5724498300405685e-06,0.0016295462846755981,4.202487980364822e-05,4.202487980364822e-05,4.218803496769397e-06,0.0009747159783728421,2.6477300707483664e-05,2.6477300707483664e-05,100.0,100.0,100.0,100.0,0.41326382756233215,0.41326382756233215
175,2.5330066364404047e-06,0.0016274623339995742,4.1953058826038614e-05,4.1953058826038614e-05,4.218607955408515e-06,0.0009078392758965492,2.4805285647744313e-05,2.4805285647744313e-05,100.0,100.0,100.0,100.0,0.40872758626937866,0.40872764587402344
176,2.502158167771995e-06,0.001723250257782638,4.4332333345664665e-05,4.4332333345664665e-05,4.3779150473710615e-06,0.0010653985664248466,2.8823922548326664e-05,2.8823922548326664e-05,100.0,100.0,100.0,100.0,0.4057394862174988,0.40573951601982117
177,2.4635069166834e-06,0.0015830494230613112,4.080799044459127e-05,4.080799044459127e-05,4.197578618914122e-06,0.0009445594623684883,2.571277400420513e-05,2.571277400420513e-05,100.0,100.0,100.0,100.0,0.398007869720459,0.398007869720459
178,2.3780839910614304e-06,0.001492841518484056,3.851008659694344e-05,3.851008659694344e-05,4.065847406309331e-06,0.0009889552602544427,2.6756808438221924e-05,2.6756808438221924e-05,100.0,100.0,100.0,100.0,0.3871951103210449,0.3871951103210449
179,2.3385600798064843e-06,0.0014324128860607743,3.6979599826736376e-05,3.6979599826736376e-05,4.0284912756760605e-06,0.0008204451878555119,2.2525375243276358e-05,2.2525375243276358e-05,100.0,100.0,100.0,100.0,0.4074799716472626,0.4074799716472626
180,2.4239293452410493e-06,0.0015483947936445475,3.992182973888703e-05,3.992182973888703e-05,4.180812538834289e-06,0.0010016269516199827,2.713107824092731e-05,2.713107824092731e-05,100.0,100.0,100.0,100.0,0.4068746268749237,0.4068745970726013
181,2.350719796595513e-06,0.0015082340687513351,3.888121136697009e-05,3.888121136697009e-05,4.045148216391681e-06,0.0009053489193320274,2.465629586367868e-05,2.465629586367868e-05,100.0,100.0,100.0,100.0,0.398601770401001,0.398601770401001
182,2.4246851353382226e-06,0.0015180805930867791,3.916435525752604e-05,3.916435525752604e-05,4.082441137143178e-06,0.0008901160326786339,2.429412052151747e-05,2.429412052151747e-05,100.0,100.0,100.0,100.0,0.4076714515686035,0.40767142176628113
183,2.311091293449863e-06,0.0015506722265854478,3.9922346331877634e-05,3.9922346331877634e-05,3.954290605179267e-06,0.0009402272989973426,2.5482830096734688e-05,2.5482830096734688e-05,100.0,100.0,100.0,100.0,0.4045504033565521,0.4045504033565521
184,2.276432724102051e-06,0.001360301859676838,3.514576383167878e-05,3.514576383167878e-05,4.30484897151473e-06,0.0009062992176041007,2.4809904061839916e-05,2.4809904061839916e-05,100.0,100.0,100.0,100.0,0.3882056176662445,0.3882055878639221
185,2.304601594005362e-06,0.0014083937276154757,3.636214023572393e-05,3.636214023572393e-05,4.1870898712659255e-06,0.0009374554501846433,2.5529932827339508e-05,2.5529932827339508e-05,100.0,100.0,100.0,100.0,0.40102675557136536,0.40102675557136536
186,2.2764811546949204e-06,0.0014070833567529917,3.6315323086455464e-05,3.6315323086455464e-05,3.928997102775611e-06,0.0008019877132028341,2.2014193746144883e-05,2.2014193746144883e-05,100.0,100.0,100.0,100.0,0.39083725214004517,0.39083725214004517
187,2.439337777104811e-06,0.0014881463721394539,3.842332444037311e-05,3.842332444037311e-05,3.919676146324491e-06,0.0008740928606130183,2.3812159270164557e-05,2.3812159270164557e-05,100.0,100.0,100.0,100.0,0.40550118684768677,0.40550118684768677
188,2.348562247789232e-06,0.0013945125974714756,3.60370941052679e-05,3.60370941052679e-05,4.201359388389392e-06,0.000831112964078784,2.2878506570123136e-05,2.2878506570123136e-05,100.0,100.0,100.0,100.0,0.39056089520454407,0.3905608654022217
189,2.4040255084400997e-06,0.001489146612584591,3.843067679554224e-05,3.843067679554224e-05,4.0169879866880365e-06,0.0008752127178013325,2.3888809664640576e-05,2.3888809664640576e-05,100.0,100.0,100.0,100.0,0.3966163098812103,0.3966163396835327
190,2.3168095140135847e-06,0.0015583995264023542,4.011838973383419e-05,4.011838973383419e-05,4.477099537325557e-06,0.0008341936627402902,2.3093392883311026e-05,2.3093392883311026e-05,100.0,100.0,100.0,100.0,0.3792494237422943,0.3792494237422943
191,2.2195783913048217e-06,0.0014835500624030828,3.8198541005840525e-05,3.8198541005840525e-05,3.7874413010285934e-06,0.0008656010031700134,2.353374657104723e-05,2.353374657104723e-05,100.0,100.0,100.0,100.0,0.37119024991989136,0.37119027972221375
192,2.2092917788540944e-06,0.0014245578786358237,3.671859303722158e-05,3.671859303722158e-05,3.849901531793876e-06,0.0008840882801450789,2.4027158360695466e-05,2.4027158360695466e-05,100.0,100.0,100.0,100.0,0.3694879710674286,0.3694879710674286
193,2.203096755692968e-06,0.0014218570431694388,3.664797986857593e-05,3.664797986857593e-05,3.675802190628019e-06,0.0007798392325639725,2.1333882614271715e-05,2.1333882614271715e-05,100.0,100.0,100.0,100.0,0.36838164925575256,0.36838164925575256
194,2.199046093664947e-06,0.0014089485630393028,3.6323239328339696e-05,3.6323239328339696e-05,3.5107127587252762e-06,0.000781802402343601,2.1300418666214682e-05,2.1300418666214682e-05,100.0,100.0,100.0,100.0,0.36694592237472534,0.36694592237472534
195,2.217885594291147e-06,0.001405872404575348,3.625575118348934e-05,3.625575118348934e-05,3.655887894637999e-06,0.0008103760192170739,2.2087342586019076e-05,2.2087342586019076e-05,100.0,100.0,100.0,100.0,0.36852601170539856,0.36852601170539856
196,2.169172148569487e-06,0.0013781243469566107,3.553769056452438e-05,3.553769056452438e-05,4.100383648619754e-06,0.0008220301242545247,2.2600943339057267e-05,2.2600943339057267e-05,100.0,100.0,100.0,100.0,0.36425623297691345,0.36425620317459106
197,2.1540217858273536e-06,0.0013712256914004683,3.535765426931903e-05,3.535765426931903e-05,3.8372731978597585e-06,0.0008083423599600792,2.2127194824861363e-05,2.2127194824861363e-05,100.0,100.0,100.0,100.0,0.36417627334594727,0.36417627334594727
198,2.14773831430648e-06,0.0013584836851805449,3.503595871734433e-05,3.503595871734433e-05,3.3801347854023334e-06,0.0007348207873292267,2.006058639381081e-05,2.006058639381081e-05,100.0,100.0,100.0,100.0,0.3675217628479004,0.3675217628479004
199,2.159443738491973e-06,0.0013606490101665258,3.509595262585208e-05,3.509595262585208e-05,3.71687269762333e-06,0.0007674739463254809,2.1045285393483937e-05,2.1045285393483937e-05,100.0,100.0,100.0,100.0,0.36615419387817383,0.36615419387817383
200,2.1730752450821456e-06,0.0013704163720831275,3.534695497364737e-05,3.534695497364737e-05,3.41786085300555e-06,0.0007503714296035469,2.0468216462177224e-05,2.0468216462177224e-05,100.0,100.0,100.0,100.0,0.36972537636756897,0.36972537636756897
